<?xml version="1.0" encoding="UTF-8"?>
<Subscription xmlns="http://schemas.microsoft.com/2006/03/windows/events/subscription">
	<SubscriptionId>DC</SubscriptionId>
	<SubscriptionType>SourceInitiated</SubscriptionType>
	<Description></Description>
	<Enabled>true</Enabled>
	<Uri>http://schemas.microsoft.com/wbem/wsman/1/windows/EventLog</Uri>
	<ConfigurationMode>MinLatency</ConfigurationMode>
	<Delivery Mode="Push">
		<Batching>
			<MaxLatencyTime>900000</MaxLatencyTime>
		</Batching>
		<PushSettings>
			<Heartbeat Interval="900000"/>
		</PushSettings>
	</Delivery>
	<Query>
		<![CDATA[
<QueryList><Query Id="0"><Select Path="Security">*</Select></Query></QueryList>
		]]>
	</Query>
	<ReadExistingEvents>false</ReadExistingEvents>
	<TransportName>HTTP</TransportName>
	<ContentFormat>RenderedText</ContentFormat>
	<Locale Language="en-NZ"/>
	<LogFile>WEC-AD</LogFile>
	<PublisherName></PublisherName>
	<AllowedSourceNonDomainComputers></AllowedSourceNonDomainComputers>
	<AllowedSourceDomainComputers>O:NSG:BAD:P(A;;GA;;;DD)S:</AllowedSourceDomainComputers>
</Subscription>
